Innoculum,TE
T-PBS,0.790630091
T-PBS,1.154669158
T-PBS,1.15362963
T-PBS,0.162601626
T-PBS,2.566340036
T-PBS,0.750516741
L-PBS,54.28900268
L-PBS,53.70629371
L-PBS,47.76919314
L-PBS,54.68548679
L-PBS,46.50625017
L-PBS,58.19729387
