Innoculum,TE
T-FBS,0.753342568
T-FBS,1.487493395
T-FBS,3.478711846
T-FBS,0.609065257
T-FBS,0.316616434
T-FBS,0.177517717
L-FBS,40.80930233
L-FBS,34.84550412
L-FBS,39.27685273
L-FBS,15.78099671
L-FBS,26.75617432
L-FBS,39.64019579
