Innoculum,TE
T-TSB,0.741048503
T-TSB,2.987074251
T-TSB,1.416310571
T-TSB,0.528977484
T-TSB,2.363283241
T-TSB,0.189126711
T-TSB,4.96459845
T-TSB,2.213422561
T-TSB,4.47605018
T-TSB,1.491066803
L-TSB,69.02954078
L-TSB,29.62908294
L-TSB,0.894882419
L-TSB,13.03787209
L-TSB,12.26017189
L-TSB,14.06440686
