Innoculum,TE
PBS,50.23696577
PBS,50.20640598
PBS,49.87679263
PBS,50.26132946
PBS,49.80544376
PBS,50.45988164
Tripartite,50.0745286
Tripartite,50.16866027
Tripartite,49.46870524
Tripartite,50.00064183
Tripartite,49.2231166
Tripartite,48.47762228
TSB,51.32535146
TSB,48.44998382
TSB,44.27182571
TSB,47.50868431
TSB,47.39615228
TSB,47.62793988
FBS,49.484545
FBS,49.15625339
FBS,49.40329395
FBS,47.70780319
FBS,48.60627305
FBS,49.39195653
