Innoculum,TE
PBS,42.20886953
PBS,43.00818109
PBS,42.62069894
PBS,41.18832409
PBS,43.84187751
PBS,41.9110111
Tripartite,37.10937086
Tripartite,46.61182332
Tripartite,40.91085275
Tripartite,43.20987523
Tripartite,44.10945802
TSB,43.2393976
TSB,45.30409439
TSB,44.12290426
TSB,42.75866146
TSB,44.13928728
TSB,40.96666332
TSB,46.179886
TSB,44.97560474
TSB,46.02186155
TSB,44.57100677
FBS,43.12403108
FBS,44.13160941
FBS,45.42486831
FBS,42.82299799
FBS,41.75866265
FBS,40.68891687
