"Variable","N","Mean","Std. Dev.","Min","Pctl. 25","Pctl. 50","Pctl. 75","Max"
"norovirus.ts","10000","80.1702094882529","58.7642714492521","24.1211981288163","40.2516188778487","57.2413644528582","97.1549662967273","365.468503203503"
"norovirus.ts.gc","10000","31260.9239989443","3187.79003469166","23443.9657560246","28958.2447978166","31273.1612823386","33551.9593821609","38942.6349278905"
"ts2h.c.norovirus","10000","0.049045654424725","0.056035250589575","1.5316272184e-05","0.015722454771606","0.031577985042406","0.060353470594888","0.755945576371568"
"ts2h.norovirus","10000","0.207866894196537","0.360377567794689","2.276319362e-06","0.029610039889473","0.088205689314157","0.231036314475646","5.8887351050931"
"ts.norovirus.ir","10000","0.000660128732595","0.00111973011134","7.329325e-09","9.5290614895e-05","0.00028357863764","0.000740971505251","0.017266425205259"
